company_id,case_number,case_type,plaintiff,defendant,filing_date,judgment_result,risk_level
3,(2025)山01民初000301号,劳动争议,客户博远科技有限公司,青岛市博远制造有限公司（示例0003）,2025-09-05,被告承担支付责任,LOW
7,(2024)山01民初000701号,金融借款合同纠纷,员工安信科技有限公司,济南市中科供应链有限公司（示例0007）,2024-05-04,双方达成调解,LOW
10,(2024)广01民初001001号,劳动争议,供应商远航科技有限公司,佛山市恒泰制造有限公司（示例0010）,2024-09-06,双方达成调解,MEDIUM
11,(2026)山01民初001101号,劳动争议,银行安信科技有限公司,青岛市华辰制造有限公司（示例0011）,2026-02-11,双方达成调解,LOW
12,(2025)江01民初001201号,金融借款合同纠纷,银行华辰科技有限公司,苏州市博远信息技术有限公司（示例0012）,2025-11-29,被告承担支付责任,MEDIUM
13,(2024)湖01民初001301号,金融借款合同纠纷,银行博远信息技术有限公司,武汉市华辰科技有限公司（示例0013）,2024-05-22,被告承担支付责任,LOW
13,(2025)湖01民初001302号,服务合同纠纷,供应商中科制造有限公司,武汉市华辰科技有限公司（示例0013）,2025-05-12,双方达成调解,LOW
13,(2025)湖01民初001303号,金融借款合同纠纷,供应商嘉禾信息技术有限公司,武汉市华辰科技有限公司（示例0013）,2025-05-21,双方达成调解,MEDIUM
14,(2025)浙01民初001401号,金融借款合同纠纷,员工远航供应链有限公司,杭州市嘉禾科技有限公司（示例0014）,2025-08-16,被告承担支付责任,HIGH
17,(2026)湖01民初001701号,金融借款合同纠纷,供应商联盛制造有限公司,武汉市博远科技有限公司（示例0017）,2026-01-08,案件撤诉,HIGH
19,(2024)广01民初001901号,金融借款合同纠纷,供应商博远信息技术有限公司,深圳市智联供应链有限公司（示例0019）,2024-02-07,部分诉讼请求获得支持,LOW
20,(2024)上01民初002001号,买卖合同纠纷,客户嘉禾信息技术有限公司,上海市中科供应链有限公司（示例0020）,2024-12-13,被告承担支付责任,LOW
20,(2023)上01民初002002号,买卖合同纠纷,供应商华辰供应链有限公司,上海市中科供应链有限公司（示例0020）,2023-12-23,部分诉讼请求获得支持,MEDIUM
21,(2025)浙01民初002101号,买卖合同纠纷,银行智联制造有限公司,宁波市远航供应链有限公司（示例0021）,2025-04-02,双方达成调解,LOW
22,(2024)湖01民初002201号,劳动争议,客户博远制造有限公司,宜昌市博远制造有限公司（示例0022）,2024-04-23,部分诉讼请求获得支持,LOW
22,(2025)湖01民初002202号,劳动争议,银行华辰信息技术有限公司,宜昌市博远制造有限公司（示例0022）,2025-12-18,被告承担支付责任,MEDIUM
24,(2025)江01民初002401号,金融借款合同纠纷,客户远航制造有限公司,南京市中科科技有限公司（示例0024）,2025-08-03,被告承担支付责任,MEDIUM
24,(2024)江01民初002402号,服务合同纠纷,员工华辰供应链有限公司,南京市中科科技有限公司（示例0024）,2024-02-29,案件撤诉,LOW
24,(2025)江01民初002403号,服务合同纠纷,员工华辰制造有限公司,南京市中科科技有限公司（示例0024）,2025-02-21,部分诉讼请求获得支持,MEDIUM
28,(2025)江01民初002801号,劳动争议,供应商联盛科技有限公司,无锡市联盛制造有限公司（示例0028）,2025-07-18,部分诉讼请求获得支持,LOW
28,(2025)江01民初002802号,劳动争议,银行启明信息技术有限公司,无锡市联盛制造有限公司（示例0028）,2025-12-31,双方达成调解,LOW
29,(2025)江01民初002901号,买卖合同纠纷,银行启明科技有限公司,苏州市华辰科技有限公司（示例0029）,2025-12-02,案件撤诉,HIGH
30,(2025)四01民初003001号,金融借款合同纠纷,员工华辰信息技术有限公司,绵阳市嘉禾科技有限公司（示例0030）,2025-10-26,双方达成调解,LOW
32,(2023)江01民初003201号,买卖合同纠纷,供应商安信供应链有限公司,无锡市联盛科技有限公司（示例0032）,2023-09-25,双方达成调解,MEDIUM
33,(2026)四01民初003301号,劳动争议,供应商恒泰信息技术有限公司,成都市华辰科技有限公司（示例0033）,2026-06-19,双方达成调解,LOW
35,(2024)浙01民初003501号,买卖合同纠纷,供应商联盛制造有限公司,杭州市智联科技有限公司（示例0035）,2024-02-28,案件撤诉,LOW
36,(2025)浙01民初003601号,服务合同纠纷,银行联盛制造有限公司,杭州市联盛信息技术有限公司（示例0036）,2025-06-15,被告承担支付责任,LOW
36,(2025)浙01民初003602号,服务合同纠纷,供应商安信信息技术有限公司,杭州市联盛信息技术有限公司（示例0036）,2025-11-06,被告承担支付责任,LOW
36,(2025)浙01民初003603号,服务合同纠纷,供应商安信科技有限公司,杭州市联盛信息技术有限公司（示例0036）,2025-08-16,双方达成调解,LOW
38,(2026)浙01民初003801号,金融借款合同纠纷,客户华辰制造有限公司,宁波市中科供应链有限公司（示例0038）,2026-02-15,部分诉讼请求获得支持,HIGH
41,(2025)湖01民初004101号,金融借款合同纠纷,客户中科信息技术有限公司,武汉市启明制造有限公司（示例0041）,2025-11-13,双方达成调解,HIGH
44,(2024)浙01民初004401号,劳动争议,银行嘉禾科技有限公司,杭州市联盛制造有限公司（示例0044）,2024-06-29,案件撤诉,MEDIUM
45,(2026)山01民初004501号,买卖合同纠纷,客户智联科技有限公司,青岛市智联供应链有限公司（示例0045）,2026-02-14,被告承担支付责任,MEDIUM
45,(2026)山01民初004502号,金融借款合同纠纷,客户联盛科技有限公司,青岛市智联供应链有限公司（示例0045）,2026-06-24,双方达成调解,LOW
47,(2024)上01民初004701号,买卖合同纠纷,员工安信供应链有限公司,上海市启明科技有限公司（示例0047）,2024-03-17,双方达成调解,MEDIUM
49,(2024)上01民初004901号,服务合同纠纷,供应商启明供应链有限公司,上海市联盛供应链有限公司（示例0049）,2024-10-23,案件撤诉,MEDIUM
50,(2025)山01民初005001号,服务合同纠纷,客户远航信息技术有限公司,青岛市远航供应链有限公司（示例0050）,2025-10-22,双方达成调解,MEDIUM
55,(2023)北01民初005501号,劳动争议,供应商远航供应链有限公司,北京市联盛供应链有限公司（示例0055）,2023-12-17,部分诉讼请求获得支持,LOW
55,(2025)北01民初005502号,金融借款合同纠纷,供应商远航信息技术有限公司,北京市联盛供应链有限公司（示例0055）,2025-08-11,双方达成调解,LOW
55,(2026)北01民初005503号,劳动争议,银行嘉禾信息技术有限公司,北京市联盛供应链有限公司（示例0055）,2026-03-30,案件撤诉,MEDIUM
56,(2025)山01民初005601号,买卖合同纠纷,客户远航供应链有限公司,青岛市华辰科技有限公司（示例0056）,2025-08-15,案件撤诉,LOW
59,(2024)湖01民初005901号,劳动争议,员工博远信息技术有限公司,武汉市华辰制造有限公司（示例0059）,2024-10-22,案件撤诉,HIGH
59,(2025)湖01民初005902号,金融借款合同纠纷,银行启明信息技术有限公司,武汉市华辰制造有限公司（示例0059）,2025-07-29,被告承担支付责任,MEDIUM
59,(2024)湖01民初005903号,服务合同纠纷,供应商博远制造有限公司,武汉市华辰制造有限公司（示例0059）,2024-10-15,部分诉讼请求获得支持,HIGH
60,(2026)山01民初006001号,服务合同纠纷,供应商中科制造有限公司,青岛市安信制造有限公司（示例0060）,2026-03-22,部分诉讼请求获得支持,LOW
61,(2026)北01民初006101号,服务合同纠纷,银行联盛供应链有限公司,北京市华辰信息技术有限公司（示例0061）,2026-06-04,案件撤诉,HIGH
62,(2024)湖01民初006201号,劳动争议,员工中科制造有限公司,宜昌市嘉禾科技有限公司（示例0062）,2024-12-27,案件撤诉,MEDIUM
62,(2024)湖01民初006202号,劳动争议,银行联盛制造有限公司,宜昌市嘉禾科技有限公司（示例0062）,2024-02-25,双方达成调解,MEDIUM
64,(2025)广01民初006401号,买卖合同纠纷,银行远航科技有限公司,东莞市智联信息技术有限公司（示例0064）,2025-09-21,案件撤诉,LOW
65,(2024)广01民初006501号,买卖合同纠纷,客户嘉禾供应链有限公司,深圳市恒泰供应链有限公司（示例0065）,2024-09-29,案件撤诉,HIGH
68,(2024)北01民初006801号,劳动争议,客户智联制造有限公司,北京市博远信息技术有限公司（示例0068）,2024-01-24,部分诉讼请求获得支持,LOW
72,(2025)山01民初007201号,金融借款合同纠纷,员工博远供应链有限公司,青岛市联盛信息技术有限公司（示例0072）,2025-11-28,部分诉讼请求获得支持,HIGH
73,(2024)上01民初007301号,服务合同纠纷,供应商远航科技有限公司,上海市嘉禾供应链有限公司（示例0073）,2024-06-18,部分诉讼请求获得支持,LOW
74,(2023)湖01民初007401号,金融借款合同纠纷,银行华辰供应链有限公司,武汉市远航制造有限公司（示例0074）,2023-10-17,部分诉讼请求获得支持,LOW
75,(2024)江01民初007501号,买卖合同纠纷,客户联盛信息技术有限公司,苏州市远航科技有限公司（示例0075）,2024-08-08,部分诉讼请求获得支持,LOW
76,(2024)北01民初007601号,服务合同纠纷,银行安信制造有限公司,北京市启明信息技术有限公司（示例0076）,2024-03-29,被告承担支付责任,LOW
76,(2026)北01民初007602号,金融借款合同纠纷,客户启明信息技术有限公司,北京市启明信息技术有限公司（示例0076）,2026-04-07,被告承担支付责任,LOW
78,(2025)湖01民初007801号,金融借款合同纠纷,供应商远航科技有限公司,宜昌市恒泰科技有限公司（示例0078）,2025-03-03,双方达成调解,MEDIUM
78,(2025)湖01民初007802号,劳动争议,供应商安信信息技术有限公司,宜昌市恒泰科技有限公司（示例0078）,2025-11-10,案件撤诉,MEDIUM
79,(2025)江01民初007901号,服务合同纠纷,客户博远供应链有限公司,南京市启明科技有限公司（示例0079）,2025-12-19,案件撤诉,LOW
79,(2026)江01民初007902号,服务合同纠纷,员工启明信息技术有限公司,南京市启明科技有限公司（示例0079）,2026-01-12,双方达成调解,LOW
79,(2026)江01民初007903号,买卖合同纠纷,员工嘉禾信息技术有限公司,南京市启明科技有限公司（示例0079）,2026-04-25,案件撤诉,LOW
80,(2023)山01民初008001号,买卖合同纠纷,供应商安信供应链有限公司,济南市中科制造有限公司（示例0080）,2023-08-09,被告承担支付责任,LOW
80,(2025)山01民初008002号,劳动争议,客户华辰信息技术有限公司,济南市中科制造有限公司（示例0080）,2025-01-11,被告承担支付责任,LOW
85,(2025)四01民初008501号,买卖合同纠纷,员工远航科技有限公司,成都市远航科技有限公司（示例0085）,2025-12-09,被告承担支付责任,LOW
86,(2024)山01民初008601号,买卖合同纠纷,供应商恒泰信息技术有限公司,济南市恒泰科技有限公司（示例0086）,2024-09-19,案件撤诉,LOW
89,(2025)湖01民初008901号,服务合同纠纷,供应商恒泰信息技术有限公司,宜昌市启明信息技术有限公司（示例0089）,2025-03-16,案件撤诉,MEDIUM
93,(2025)上01民初009301号,金融借款合同纠纷,供应商嘉禾供应链有限公司,上海市联盛供应链有限公司（示例0093）,2025-08-17,双方达成调解,MEDIUM
95,(2026)上01民初009501号,金融借款合同纠纷,供应商嘉禾信息技术有限公司,上海市嘉禾制造有限公司（示例0095）,2026-01-19,双方达成调解,LOW
95,(2024)上01民初009502号,买卖合同纠纷,供应商联盛制造有限公司,上海市嘉禾制造有限公司（示例0095）,2024-07-04,部分诉讼请求获得支持,LOW
95,(2025)上01民初009503号,服务合同纠纷,员工博远制造有限公司,上海市嘉禾制造有限公司（示例0095）,2025-02-10,被告承担支付责任,MEDIUM
96,(2025)广01民初009601号,金融借款合同纠纷,供应商启明供应链有限公司,佛山市恒泰科技有限公司（示例0096）,2025-10-23,双方达成调解,MEDIUM
96,(2024)广01民初009602号,买卖合同纠纷,供应商中科供应链有限公司,佛山市恒泰科技有限公司（示例0096）,2024-05-19,案件撤诉,MEDIUM
96,(2026)广01民初009603号,服务合同纠纷,银行启明供应链有限公司,佛山市恒泰科技有限公司（示例0096）,2026-06-20,双方达成调解,LOW
97,(2025)江01民初009701号,金融借款合同纠纷,银行安信供应链有限公司,苏州市联盛制造有限公司（示例0097）,2025-11-16,案件撤诉,HIGH
99,(2024)浙01民初009901号,劳动争议,客户启明科技有限公司,温州市远航科技有限公司（示例0099）,2024-04-05,被告承担支付责任,LOW
99,(2023)浙01民初009902号,劳动争议,银行启明供应链有限公司,温州市远航科技有限公司（示例0099）,2023-11-15,双方达成调解,LOW
100,(2023)浙01民初010001号,金融借款合同纠纷,银行中科制造有限公司,温州市联盛信息技术有限公司（示例0100）,2023-08-17,被告承担支付责任,LOW
100,(2026)浙01民初010002号,服务合同纠纷,银行博远信息技术有限公司,温州市联盛信息技术有限公司（示例0100）,2026-04-07,被告承担支付责任,LOW
101,(2025)浙01民初010101号,劳动争议,员工智联制造有限公司,宁波市博远供应链有限公司（示例0101）,2025-11-15,被告承担支付责任,HIGH
101,(2024)浙01民初010102号,劳动争议,银行博远供应链有限公司,宁波市博远供应链有限公司（示例0101）,2024-10-02,部分诉讼请求获得支持,LOW
102,(2025)北01民初010201号,金融借款合同纠纷,客户远航制造有限公司,北京市联盛信息技术有限公司（示例0102）,2025-11-04,部分诉讼请求获得支持,LOW
105,(2023)湖01民初010501号,金融借款合同纠纷,客户安信制造有限公司,宜昌市博远供应链有限公司（示例0105）,2023-08-18,案件撤诉,LOW
105,(2024)湖01民初010502号,金融借款合同纠纷,员工联盛供应链有限公司,宜昌市博远供应链有限公司（示例0105）,2024-10-02,案件撤诉,LOW
107,(2024)北01民初010701号,买卖合同纠纷,供应商启明制造有限公司,北京市安信供应链有限公司（示例0107）,2024-08-21,被告承担支付责任,LOW
108,(2025)浙01民初010801号,金融借款合同纠纷,供应商智联制造有限公司,温州市安信供应链有限公司（示例0108）,2025-10-16,部分诉讼请求获得支持,MEDIUM
112,(2024)湖01民初011201号,劳动争议,供应商嘉禾科技有限公司,武汉市安信科技有限公司（示例0112）,2024-12-29,被告承担支付责任,LOW
113,(2026)湖01民初011301号,服务合同纠纷,员工启明制造有限公司,宜昌市嘉禾供应链有限公司（示例0113）,2026-02-13,部分诉讼请求获得支持,LOW
121,(2024)北01民初012101号,金融借款合同纠纷,客户博远制造有限公司,北京市启明信息技术有限公司（示例0121）,2024-02-08,被告承担支付责任,MEDIUM
121,(2024)北01民初012102号,服务合同纠纷,员工远航供应链有限公司,北京市启明信息技术有限公司（示例0121）,2024-11-10,案件撤诉,HIGH
123,(2024)四01民初012301号,服务合同纠纷,员工启明制造有限公司,绵阳市华辰信息技术有限公司（示例0123）,2024-09-08,部分诉讼请求获得支持,MEDIUM
123,(2024)四01民初012302号,金融借款合同纠纷,客户恒泰供应链有限公司,绵阳市华辰信息技术有限公司（示例0123）,2024-03-04,被告承担支付责任,LOW
123,(2024)四01民初012303号,劳动争议,银行恒泰供应链有限公司,绵阳市华辰信息技术有限公司（示例0123）,2024-07-10,双方达成调解,LOW
126,(2025)江01民初012601号,金融借款合同纠纷,客户安信科技有限公司,南京市中科信息技术有限公司（示例0126）,2025-09-11,案件撤诉,MEDIUM
128,(2023)上01民初012801号,服务合同纠纷,员工恒泰供应链有限公司,上海市恒泰制造有限公司（示例0128）,2023-12-01,被告承担支付责任,MEDIUM
128,(2025)上01民初012802号,劳动争议,员工启明科技有限公司,上海市恒泰制造有限公司（示例0128）,2025-07-03,案件撤诉,MEDIUM
129,(2026)湖01民初012901号,金融借款合同纠纷,客户嘉禾信息技术有限公司,宜昌市恒泰制造有限公司（示例0129）,2026-05-24,部分诉讼请求获得支持,LOW
129,(2025)湖01民初012902号,买卖合同纠纷,客户智联信息技术有限公司,宜昌市恒泰制造有限公司（示例0129）,2025-06-17,双方达成调解,MEDIUM
131,(2023)广01民初013101号,金融借款合同纠纷,客户远航制造有限公司,东莞市博远科技有限公司（示例0131）,2023-09-14,案件撤诉,LOW
131,(2025)广01民初013102号,买卖合同纠纷,银行联盛科技有限公司,东莞市博远科技有限公司（示例0131）,2025-03-14,被告承担支付责任,LOW
131,(2025)广01民初013103号,劳动争议,员工博远信息技术有限公司,东莞市博远科技有限公司（示例0131）,2025-02-05,案件撤诉,LOW
133,(2025)上01民初013301号,买卖合同纠纷,银行博远供应链有限公司,上海市智联科技有限公司（示例0133）,2025-10-13,部分诉讼请求获得支持,MEDIUM
134,(2024)江01民初013401号,买卖合同纠纷,员工中科科技有限公司,苏州市博远制造有限公司（示例0134）,2024-02-05,部分诉讼请求获得支持,HIGH
135,(2024)山01民初013501号,金融借款合同纠纷,供应商中科信息技术有限公司,青岛市华辰制造有限公司（示例0135）,2024-05-04,案件撤诉,LOW
137,(2024)广01民初013701号,服务合同纠纷,员工启明供应链有限公司,佛山市启明制造有限公司（示例0137）,2024-04-30,部分诉讼请求获得支持,LOW
139,(2023)广01民初013901号,劳动争议,供应商智联信息技术有限公司,深圳市联盛供应链有限公司（示例0139）,2023-10-27,案件撤诉,MEDIUM
139,(2026)广01民初013902号,劳动争议,员工华辰制造有限公司,深圳市联盛供应链有限公司（示例0139）,2026-02-09,被告承担支付责任,MEDIUM
140,(2025)浙01民初014001号,劳动争议,银行嘉禾信息技术有限公司,杭州市博远制造有限公司（示例0140）,2025-10-07,部分诉讼请求获得支持,LOW
140,(2023)浙01民初014002号,劳动争议,员工远航科技有限公司,杭州市博远制造有限公司（示例0140）,2023-08-27,部分诉讼请求获得支持,LOW
145,(2026)四01民初014501号,劳动争议,银行启明科技有限公司,绵阳市联盛制造有限公司（示例0145）,2026-01-18,部分诉讼请求获得支持,MEDIUM
145,(2024)四01民初014502号,服务合同纠纷,银行中科信息技术有限公司,绵阳市联盛制造有限公司（示例0145）,2024-02-19,被告承担支付责任,LOW
145,(2025)四01民初014503号,服务合同纠纷,供应商恒泰制造有限公司,绵阳市联盛制造有限公司（示例0145）,2025-12-17,被告承担支付责任,MEDIUM
146,(2025)山01民初014601号,服务合同纠纷,银行安信科技有限公司,青岛市智联科技有限公司（示例0146）,2025-10-16,被告承担支付责任,HIGH
147,(2024)湖01民初014701号,劳动争议,供应商华辰科技有限公司,武汉市安信信息技术有限公司（示例0147）,2024-09-30,案件撤诉,HIGH
155,(2025)山01民初015501号,服务合同纠纷,供应商远航制造有限公司,青岛市安信信息技术有限公司（示例0155）,2025-12-08,案件撤诉,LOW
156,(2025)上01民初015601号,服务合同纠纷,员工恒泰科技有限公司,上海市恒泰科技有限公司（示例0156）,2025-08-25,双方达成调解,HIGH
158,(2023)四01民初015801号,买卖合同纠纷,员工华辰信息技术有限公司,绵阳市安信科技有限公司（示例0158）,2023-08-07,案件撤诉,LOW
158,(2024)四01民初015802号,服务合同纠纷,客户远航科技有限公司,绵阳市安信科技有限公司（示例0158）,2024-08-31,双方达成调解,LOW
159,(2025)湖01民初015901号,劳动争议,供应商联盛信息技术有限公司,武汉市嘉禾信息技术有限公司（示例0159）,2025-06-09,部分诉讼请求获得支持,LOW
160,(2025)山01民初016001号,服务合同纠纷,客户启明制造有限公司,济南市联盛供应链有限公司（示例0160）,2025-02-15,案件撤诉,MEDIUM
163,(2025)山01民初016301号,劳动争议,供应商恒泰科技有限公司,济南市启明制造有限公司（示例0163）,2025-04-18,双方达成调解,MEDIUM
165,(2026)广01民初016501号,服务合同纠纷,客户恒泰科技有限公司,佛山市华辰供应链有限公司（示例0165）,2026-03-22,被告承担支付责任,LOW
168,(2024)北01民初016801号,金融借款合同纠纷,客户中科信息技术有限公司,北京市安信科技有限公司（示例0168）,2024-06-22,部分诉讼请求获得支持,LOW
170,(2023)四01民初017001号,劳动争议,员工中科科技有限公司,绵阳市嘉禾信息技术有限公司（示例0170）,2023-12-12,案件撤诉,MEDIUM
172,(2024)北01民初017201号,服务合同纠纷,客户博远信息技术有限公司,北京市启明制造有限公司（示例0172）,2024-04-10,案件撤诉,LOW
172,(2024)北01民初017202号,金融借款合同纠纷,客户安信供应链有限公司,北京市启明制造有限公司（示例0172）,2024-04-15,被告承担支付责任,LOW
173,(2025)浙01民初017301号,劳动争议,银行华辰制造有限公司,宁波市嘉禾科技有限公司（示例0173）,2025-12-03,案件撤诉,MEDIUM
173,(2025)浙01民初017302号,买卖合同纠纷,客户智联制造有限公司,宁波市嘉禾科技有限公司（示例0173）,2025-10-15,案件撤诉,LOW
173,(2025)浙01民初017303号,劳动争议,员工智联科技有限公司,宁波市嘉禾科技有限公司（示例0173）,2025-12-11,被告承担支付责任,MEDIUM
174,(2025)上01民初017401号,劳动争议,员工启明信息技术有限公司,上海市远航科技有限公司（示例0174）,2025-03-28,被告承担支付责任,LOW
174,(2024)上01民初017402号,买卖合同纠纷,员工华辰制造有限公司,上海市远航科技有限公司（示例0174）,2024-01-19,双方达成调解,LOW
175,(2026)湖01民初017501号,服务合同纠纷,员工联盛科技有限公司,武汉市智联信息技术有限公司（示例0175）,2026-01-12,被告承担支付责任,MEDIUM
175,(2025)湖01民初017502号,服务合同纠纷,供应商安信信息技术有限公司,武汉市智联信息技术有限公司（示例0175）,2025-10-24,被告承担支付责任,MEDIUM
176,(2025)广01民初017601号,服务合同纠纷,银行恒泰科技有限公司,东莞市智联制造有限公司（示例0176）,2025-09-05,双方达成调解,LOW
178,(2026)江01民初017801号,买卖合同纠纷,供应商博远信息技术有限公司,无锡市启明供应链有限公司（示例0178）,2026-06-19,案件撤诉,MEDIUM
180,(2024)浙01民初018001号,服务合同纠纷,员工联盛制造有限公司,杭州市智联信息技术有限公司（示例0180）,2024-07-27,双方达成调解,LOW
180,(2024)浙01民初018002号,买卖合同纠纷,供应商远航制造有限公司,杭州市智联信息技术有限公司（示例0180）,2024-04-02,案件撤诉,MEDIUM
181,(2025)北01民初018101号,服务合同纠纷,供应商恒泰制造有限公司,北京市联盛制造有限公司（示例0181）,2025-05-06,被告承担支付责任,HIGH
185,(2023)湖01民初018501号,金融借款合同纠纷,客户博远制造有限公司,宜昌市嘉禾信息技术有限公司（示例0185）,2023-12-25,双方达成调解,MEDIUM
186,(2025)山01民初018601号,劳动争议,银行中科科技有限公司,青岛市华辰供应链有限公司（示例0186）,2025-05-29,部分诉讼请求获得支持,LOW
187,(2025)上01民初018701号,服务合同纠纷,员工博远科技有限公司,上海市远航制造有限公司（示例0187）,2025-09-16,双方达成调解,LOW
188,(2023)广01民初018801号,服务合同纠纷,银行博远供应链有限公司,东莞市中科科技有限公司（示例0188）,2023-09-19,双方达成调解,MEDIUM
188,(2024)广01民初018802号,金融借款合同纠纷,客户博远科技有限公司,东莞市中科科技有限公司（示例0188）,2024-06-22,部分诉讼请求获得支持,MEDIUM
189,(2024)浙01民初018901号,金融借款合同纠纷,客户华辰供应链有限公司,杭州市启明信息技术有限公司（示例0189）,2024-10-18,案件撤诉,LOW
189,(2024)浙01民初018902号,劳动争议,供应商远航信息技术有限公司,杭州市启明信息技术有限公司（示例0189）,2024-08-12,案件撤诉,LOW
190,(2023)四01民初019001号,金融借款合同纠纷,员工联盛制造有限公司,成都市联盛信息技术有限公司（示例0190）,2023-09-23,被告承担支付责任,LOW
190,(2025)四01民初019002号,服务合同纠纷,银行联盛科技有限公司,成都市联盛信息技术有限公司（示例0190）,2025-05-28,部分诉讼请求获得支持,MEDIUM
193,(2023)江01民初019301号,金融借款合同纠纷,员工恒泰供应链有限公司,无锡市启明制造有限公司（示例0193）,2023-12-19,案件撤诉,LOW
193,(2025)江01民初019302号,服务合同纠纷,银行联盛供应链有限公司,无锡市启明制造有限公司（示例0193）,2025-03-07,双方达成调解,MEDIUM
194,(2024)广01民初019401号,服务合同纠纷,员工远航供应链有限公司,深圳市恒泰制造有限公司（示例0194）,2024-12-18,案件撤诉,MEDIUM
197,(2024)北01民初019701号,劳动争议,员工远航供应链有限公司,北京市智联制造有限公司（示例0197）,2024-05-14,被告承担支付责任,HIGH
197,(2024)北01民初019702号,服务合同纠纷,银行联盛信息技术有限公司,北京市智联制造有限公司（示例0197）,2024-09-16,案件撤诉,LOW
197,(2026)北01民初019703号,服务合同纠纷,员工博远科技有限公司,北京市智联制造有限公司（示例0197）,2026-01-07,双方达成调解,LOW
199,(2024)四01民初019901号,劳动争议,供应商华辰信息技术有限公司,绵阳市联盛科技有限公司（示例0199）,2024-04-14,双方达成调解,MEDIUM
199,(2026)四01民初019902号,金融借款合同纠纷,供应商启明科技有限公司,绵阳市联盛科技有限公司（示例0199）,2026-02-24,双方达成调解,LOW
200,(2025)上01民初020001号,劳动争议,银行启明科技有限公司,上海市博远科技有限公司（示例0200）,2025-03-28,被告承担支付责任,LOW
201,(2025)四01民初020101号,买卖合同纠纷,客户中科科技有限公司,绵阳市联盛信息技术有限公司（示例0201）,2025-03-27,被告承担支付责任,MEDIUM
203,(2026)广01民初020301号,劳动争议,客户中科科技有限公司,广州市智联科技有限公司（示例0203）,2026-05-22,案件撤诉,LOW
208,(2023)浙01民初020801号,金融借款合同纠纷,客户博远信息技术有限公司,宁波市安信信息技术有限公司（示例0208）,2023-11-22,案件撤诉,LOW
209,(2024)江01民初020901号,劳动争议,供应商嘉禾制造有限公司,南京市博远科技有限公司（示例0209）,2024-01-31,双方达成调解,MEDIUM
212,(2025)浙01民初021201号,劳动争议,员工中科制造有限公司,温州市华辰信息技术有限公司（示例0212）,2025-11-06,部分诉讼请求获得支持,LOW
212,(2026)浙01民初021202号,金融借款合同纠纷,银行博远科技有限公司,温州市华辰信息技术有限公司（示例0212）,2026-01-17,部分诉讼请求获得支持,MEDIUM
215,(2023)上01民初021501号,服务合同纠纷,供应商启明供应链有限公司,上海市华辰供应链有限公司（示例0215）,2023-11-24,双方达成调解,HIGH
216,(2025)北01民初021601号,服务合同纠纷,银行安信制造有限公司,北京市恒泰信息技术有限公司（示例0216）,2025-04-27,案件撤诉,LOW
216,(2024)北01民初021602号,买卖合同纠纷,供应商联盛科技有限公司,北京市恒泰信息技术有限公司（示例0216）,2024-03-15,部分诉讼请求获得支持,LOW
216,(2024)北01民初021603号,买卖合同纠纷,银行安信信息技术有限公司,北京市恒泰信息技术有限公司（示例0216）,2024-06-13,被告承担支付责任,LOW
217,(2025)江01民初021701号,劳动争议,客户智联制造有限公司,无锡市嘉禾信息技术有限公司（示例0217）,2025-09-16,案件撤诉,LOW
218,(2025)山01民初021801号,服务合同纠纷,供应商启明科技有限公司,青岛市博远科技有限公司（示例0218）,2025-04-18,部分诉讼请求获得支持,LOW
219,(2024)湖01民初021901号,买卖合同纠纷,客户远航供应链有限公司,宜昌市智联信息技术有限公司（示例0219）,2024-10-11,案件撤诉,LOW
220,(2025)江01民初022001号,劳动争议,供应商华辰信息技术有限公司,无锡市启明信息技术有限公司（示例0220）,2025-07-08,部分诉讼请求获得支持,LOW
220,(2023)江01民初022002号,服务合同纠纷,供应商华辰供应链有限公司,无锡市启明信息技术有限公司（示例0220）,2023-12-22,被告承担支付责任,MEDIUM
222,(2025)北01民初022201号,服务合同纠纷,供应商智联信息技术有限公司,北京市恒泰制造有限公司（示例0222）,2025-11-04,双方达成调解,MEDIUM
223,(2026)四01民初022301号,金融借款合同纠纷,供应商安信制造有限公司,绵阳市恒泰科技有限公司（示例0223）,2026-06-26,双方达成调解,LOW
224,(2025)浙01民初022401号,金融借款合同纠纷,员工博远制造有限公司,温州市中科供应链有限公司（示例0224）,2025-04-28,被告承担支付责任,LOW
224,(2024)浙01民初022402号,服务合同纠纷,供应商中科科技有限公司,温州市中科供应链有限公司（示例0224）,2024-06-05,被告承担支付责任,LOW
227,(2025)上01民初022701号,劳动争议,供应商联盛科技有限公司,上海市安信供应链有限公司（示例0227）,2025-01-17,被告承担支付责任,MEDIUM
230,(2024)浙01民初023001号,买卖合同纠纷,客户启明制造有限公司,温州市联盛制造有限公司（示例0230）,2024-12-04,双方达成调解,LOW
231,(2026)湖01民初023101号,金融借款合同纠纷,员工远航科技有限公司,宜昌市恒泰科技有限公司（示例0231）,2026-06-29,被告承担支付责任,MEDIUM
232,(2023)江01民初023201号,金融借款合同纠纷,银行恒泰科技有限公司,无锡市博远制造有限公司（示例0232）,2023-11-06,被告承担支付责任,MEDIUM
233,(2024)湖01民初023301号,买卖合同纠纷,员工远航科技有限公司,宜昌市中科制造有限公司（示例0233）,2024-04-15,双方达成调解,LOW
235,(2024)浙01民初023501号,金融借款合同纠纷,银行华辰供应链有限公司,杭州市华辰信息技术有限公司（示例0235）,2024-01-19,案件撤诉,MEDIUM
235,(2025)浙01民初023502号,服务合同纠纷,银行启明制造有限公司,杭州市华辰信息技术有限公司（示例0235）,2025-12-29,案件撤诉,MEDIUM
235,(2025)浙01民初023503号,服务合同纠纷,客户联盛科技有限公司,杭州市华辰信息技术有限公司（示例0235）,2025-07-08,案件撤诉,MEDIUM
236,(2024)山01民初023601号,金融借款合同纠纷,员工智联制造有限公司,济南市中科制造有限公司（示例0236）,2024-07-25,双方达成调解,LOW
236,(2026)山01民初023602号,金融借款合同纠纷,客户联盛科技有限公司,济南市中科制造有限公司（示例0236）,2026-07-24,案件撤诉,MEDIUM
238,(2024)江01民初023801号,金融借款合同纠纷,客户恒泰制造有限公司,南京市安信科技有限公司（示例0238）,2024-06-24,案件撤诉,HIGH
243,(2025)浙01民初024301号,服务合同纠纷,员工启明信息技术有限公司,温州市博远科技有限公司（示例0243）,2025-10-15,部分诉讼请求获得支持,HIGH
247,(2025)北01民初024701号,买卖合同纠纷,供应商启明信息技术有限公司,北京市恒泰供应链有限公司（示例0247）,2025-11-08,部分诉讼请求获得支持,MEDIUM
247,(2025)北01民初024702号,服务合同纠纷,银行智联供应链有限公司,北京市恒泰供应链有限公司（示例0247）,2025-06-21,部分诉讼请求获得支持,LOW
249,(2023)广01民初024901号,买卖合同纠纷,供应商联盛供应链有限公司,佛山市安信科技有限公司（示例0249）,2023-12-15,案件撤诉,MEDIUM
250,(2023)浙01民初025001号,金融借款合同纠纷,银行博远科技有限公司,温州市远航科技有限公司（示例0250）,2023-11-30,案件撤诉,MEDIUM
253,(2023)上01民初025301号,服务合同纠纷,员工启明信息技术有限公司,上海市博远科技有限公司（示例0253）,2023-11-18,部分诉讼请求获得支持,HIGH
254,(2024)湖01民初025401号,劳动争议,供应商嘉禾制造有限公司,宜昌市远航信息技术有限公司（示例0254）,2024-06-06,案件撤诉,MEDIUM
255,(2023)上01民初025501号,买卖合同纠纷,供应商博远供应链有限公司,上海市恒泰信息技术有限公司（示例0255）,2023-09-29,案件撤诉,MEDIUM
255,(2024)上01民初025502号,劳动争议,客户嘉禾科技有限公司,上海市恒泰信息技术有限公司（示例0255）,2024-05-05,部分诉讼请求获得支持,LOW
255,(2025)上01民初025503号,服务合同纠纷,银行智联科技有限公司,上海市恒泰信息技术有限公司（示例0255）,2025-04-30,双方达成调解,MEDIUM
256,(2025)浙01民初025601号,买卖合同纠纷,客户联盛科技有限公司,宁波市中科科技有限公司（示例0256）,2025-12-26,部分诉讼请求获得支持,MEDIUM
256,(2025)浙01民初025602号,金融借款合同纠纷,供应商启明科技有限公司,宁波市中科科技有限公司（示例0256）,2025-01-05,双方达成调解,HIGH
256,(2023)浙01民初025603号,买卖合同纠纷,银行嘉禾信息技术有限公司,宁波市中科科技有限公司（示例0256）,2023-10-16,双方达成调解,MEDIUM
260,(2025)山01民初026001号,买卖合同纠纷,客户恒泰信息技术有限公司,济南市安信制造有限公司（示例0260）,2025-01-11,案件撤诉,LOW
260,(2025)山01民初026002号,金融借款合同纠纷,银行博远科技有限公司,济南市安信制造有限公司（示例0260）,2025-01-16,双方达成调解,LOW
262,(2025)山01民初026201号,服务合同纠纷,客户安信信息技术有限公司,济南市恒泰信息技术有限公司（示例0262）,2025-02-14,双方达成调解,LOW
262,(2024)山01民初026202号,金融借款合同纠纷,银行华辰信息技术有限公司,济南市恒泰信息技术有限公司（示例0262）,2024-04-30,被告承担支付责任,MEDIUM
264,(2023)北01民初026401号,服务合同纠纷,供应商安信科技有限公司,北京市嘉禾信息技术有限公司（示例0264）,2023-12-04,案件撤诉,LOW
264,(2025)北01民初026402号,服务合同纠纷,供应商博远科技有限公司,北京市嘉禾信息技术有限公司（示例0264）,2025-10-02,双方达成调解,MEDIUM
264,(2025)北01民初026403号,金融借款合同纠纷,供应商博远供应链有限公司,北京市嘉禾信息技术有限公司（示例0264）,2025-07-12,双方达成调解,MEDIUM
265,(2024)北01民初026501号,买卖合同纠纷,员工安信科技有限公司,北京市恒泰科技有限公司（示例0265）,2024-09-02,案件撤诉,LOW
266,(2024)广01民初026601号,金融借款合同纠纷,供应商中科制造有限公司,佛山市安信制造有限公司（示例0266）,2024-09-27,双方达成调解,LOW
268,(2024)浙01民初026801号,服务合同纠纷,银行智联制造有限公司,温州市安信供应链有限公司（示例0268）,2024-06-08,案件撤诉,LOW
269,(2025)北01民初026901号,劳动争议,供应商嘉禾制造有限公司,北京市启明供应链有限公司（示例0269）,2025-07-02,部分诉讼请求获得支持,MEDIUM
269,(2024)北01民初026902号,买卖合同纠纷,银行安信供应链有限公司,北京市启明供应链有限公司（示例0269）,2024-10-12,案件撤诉,MEDIUM
270,(2024)山01民初027001号,服务合同纠纷,银行嘉禾供应链有限公司,济南市远航供应链有限公司（示例0270）,2024-09-26,双方达成调解,LOW
274,(2025)山01民初027401号,服务合同纠纷,客户嘉禾制造有限公司,济南市博远供应链有限公司（示例0274）,2025-03-04,部分诉讼请求获得支持,LOW
274,(2025)山01民初027402号,买卖合同纠纷,客户博远供应链有限公司,济南市博远供应链有限公司（示例0274）,2025-05-21,案件撤诉,LOW
274,(2026)山01民初027403号,买卖合同纠纷,银行远航科技有限公司,济南市博远供应链有限公司（示例0274）,2026-08-03,双方达成调解,MEDIUM
275,(2025)湖01民初027501号,金融借款合同纠纷,客户远航科技有限公司,武汉市华辰制造有限公司（示例0275）,2025-08-18,被告承担支付责任,MEDIUM
276,(2025)江01民初027601号,金融借款合同纠纷,银行智联信息技术有限公司,苏州市恒泰制造有限公司（示例0276）,2025-09-13,被告承担支付责任,LOW
277,(2023)山01民初027701号,买卖合同纠纷,银行华辰信息技术有限公司,青岛市恒泰制造有限公司（示例0277）,2023-09-09,部分诉讼请求获得支持,LOW
277,(2026)山01民初027702号,买卖合同纠纷,员工恒泰信息技术有限公司,青岛市恒泰制造有限公司（示例0277）,2026-06-08,被告承担支付责任,MEDIUM
278,(2023)北01民初027801号,劳动争议,客户智联供应链有限公司,北京市远航供应链有限公司（示例0278）,2023-10-20,部分诉讼请求获得支持,LOW
278,(2025)北01民初027802号,劳动争议,银行远航供应链有限公司,北京市远航供应链有限公司（示例0278）,2025-03-28,双方达成调解,LOW
278,(2026)北01民初027803号,服务合同纠纷,银行启明制造有限公司,北京市远航供应链有限公司（示例0278）,2026-02-10,双方达成调解,HIGH
281,(2026)江01民初028101号,买卖合同纠纷,供应商嘉禾制造有限公司,苏州市中科信息技术有限公司（示例0281）,2026-05-31,被告承担支付责任,LOW
285,(2023)上01民初028501号,劳动争议,银行华辰科技有限公司,上海市启明科技有限公司（示例0285）,2023-11-14,案件撤诉,MEDIUM
285,(2024)上01民初028502号,服务合同纠纷,员工联盛科技有限公司,上海市启明科技有限公司（示例0285）,2024-05-20,部分诉讼请求获得支持,MEDIUM
285,(2026)上01民初028503号,服务合同纠纷,银行联盛制造有限公司,上海市启明科技有限公司（示例0285）,2026-05-27,案件撤诉,LOW
287,(2025)浙01民初028701号,劳动争议,客户华辰制造有限公司,杭州市远航制造有限公司（示例0287）,2025-03-19,双方达成调解,LOW
287,(2024)浙01民初028702号,服务合同纠纷,供应商中科供应链有限公司,杭州市远航制造有限公司（示例0287）,2024-12-03,被告承担支付责任,LOW
291,(2024)上01民初029101号,服务合同纠纷,供应商启明供应链有限公司,上海市博远信息技术有限公司（示例0291）,2024-06-13,双方达成调解,HIGH
291,(2026)上01民初029102号,劳动争议,客户智联科技有限公司,上海市博远信息技术有限公司（示例0291）,2026-07-29,部分诉讼请求获得支持,LOW
294,(2026)上01民初029401号,买卖合同纠纷,银行中科信息技术有限公司,上海市华辰供应链有限公司（示例0294）,2026-03-13,双方达成调解,LOW
295,(2026)江01民初029501号,金融借款合同纠纷,员工华辰制造有限公司,南京市联盛科技有限公司（示例0295）,2026-01-07,部分诉讼请求获得支持,HIGH
295,(2024)江01民初029502号,劳动争议,银行远航制造有限公司,南京市联盛科技有限公司（示例0295）,2024-08-11,部分诉讼请求获得支持,MEDIUM
297,(2024)上01民初029701号,服务合同纠纷,银行启明供应链有限公司,上海市中科制造有限公司（示例0297）,2024-06-21,双方达成调解,LOW
301,(2025)北01民初030101号,买卖合同纠纷,银行恒泰制造有限公司,北京市华辰信息技术有限公司（示例0301）,2025-02-15,双方达成调解,MEDIUM
301,(2025)北01民初030102号,服务合同纠纷,员工恒泰信息技术有限公司,北京市华辰信息技术有限公司（示例0301）,2025-12-09,双方达成调解,LOW
303,(2026)上01民初030301号,金融借款合同纠纷,员工博远科技有限公司,上海市远航制造有限公司（示例0303）,2026-07-18,双方达成调解,HIGH
304,(2025)四01民初030401号,劳动争议,银行远航制造有限公司,成都市中科科技有限公司（示例0304）,2025-07-11,双方达成调解,MEDIUM
304,(2025)四01民初030402号,买卖合同纠纷,供应商嘉禾信息技术有限公司,成都市中科科技有限公司（示例0304）,2025-04-24,双方达成调解,LOW
306,(2026)湖01民初030601号,买卖合同纠纷,银行博远科技有限公司,武汉市博远科技有限公司（示例0306）,2026-01-19,部分诉讼请求获得支持,MEDIUM
306,(2026)湖01民初030602号,劳动争议,员工华辰科技有限公司,武汉市博远科技有限公司（示例0306）,2026-02-10,双方达成调解,LOW
307,(2023)四01民初030701号,金融借款合同纠纷,供应商博远科技有限公司,绵阳市嘉禾制造有限公司（示例0307）,2023-11-09,部分诉讼请求获得支持,MEDIUM
308,(2023)广01民初030801号,劳动争议,客户联盛信息技术有限公司,广州市恒泰信息技术有限公司（示例0308）,2023-10-20,双方达成调解,LOW
308,(2025)广01民初030802号,买卖合同纠纷,客户华辰信息技术有限公司,广州市恒泰信息技术有限公司（示例0308）,2025-06-26,双方达成调解,LOW
308,(2026)广01民初030803号,劳动争议,员工联盛制造有限公司,广州市恒泰信息技术有限公司（示例0308）,2026-04-08,被告承担支付责任,LOW
310,(2023)广01民初031001号,服务合同纠纷,员工博远信息技术有限公司,佛山市华辰信息技术有限公司（示例0310）,2023-10-12,部分诉讼请求获得支持,LOW
310,(2024)广01民初031002号,金融借款合同纠纷,供应商华辰供应链有限公司,佛山市华辰信息技术有限公司（示例0310）,2024-05-25,被告承担支付责任,LOW
310,(2024)广01民初031003号,金融借款合同纠纷,客户博远制造有限公司,佛山市华辰信息技术有限公司（示例0310）,2024-08-14,部分诉讼请求获得支持,LOW
311,(2024)北01民初031101号,劳动争议,银行嘉禾信息技术有限公司,北京市联盛供应链有限公司（示例0311）,2024-03-28,双方达成调解,LOW
313,(2024)四01民初031301号,劳动争议,银行远航制造有限公司,绵阳市华辰供应链有限公司（示例0313）,2024-09-01,被告承担支付责任,LOW
313,(2026)四01民初031302号,劳动争议,客户远航制造有限公司,绵阳市华辰供应链有限公司（示例0313）,2026-02-24,被告承担支付责任,LOW
315,(2025)上01民初031501号,金融借款合同纠纷,银行智联信息技术有限公司,上海市博远制造有限公司（示例0315）,2025-11-15,双方达成调解,MEDIUM
315,(2023)上01民初031502号,劳动争议,员工华辰制造有限公司,上海市博远制造有限公司（示例0315）,2023-10-05,部分诉讼请求获得支持,MEDIUM
317,(2026)湖01民初031701号,服务合同纠纷,客户华辰供应链有限公司,宜昌市远航供应链有限公司（示例0317）,2026-04-11,被告承担支付责任,LOW
317,(2025)湖01民初031702号,买卖合同纠纷,银行恒泰供应链有限公司,宜昌市远航供应链有限公司（示例0317）,2025-03-07,案件撤诉,MEDIUM
318,(2026)浙01民初031801号,劳动争议,供应商联盛制造有限公司,宁波市恒泰制造有限公司（示例0318）,2026-01-20,案件撤诉,LOW
319,(2024)江01民初031901号,劳动争议,员工恒泰科技有限公司,无锡市华辰供应链有限公司（示例0319）,2024-12-31,案件撤诉,MEDIUM
321,(2024)上01民初032101号,服务合同纠纷,银行华辰制造有限公司,上海市智联制造有限公司（示例0321）,2024-10-23,双方达成调解,LOW
323,(2024)湖01民初032301号,服务合同纠纷,客户嘉禾科技有限公司,武汉市华辰制造有限公司（示例0323）,2024-12-02,被告承担支付责任,HIGH
323,(2026)湖01民初032302号,劳动争议,供应商华辰制造有限公司,武汉市华辰制造有限公司（示例0323）,2026-02-20,部分诉讼请求获得支持,LOW
324,(2025)山01民初032401号,服务合同纠纷,供应商嘉禾科技有限公司,青岛市远航科技有限公司（示例0324）,2025-07-14,部分诉讼请求获得支持,HIGH
325,(2026)上01民初032501号,劳动争议,银行博远制造有限公司,上海市中科制造有限公司（示例0325）,2026-06-18,双方达成调解,LOW
326,(2024)广01民初032601号,劳动争议,供应商联盛信息技术有限公司,广州市安信制造有限公司（示例0326）,2024-05-07,部分诉讼请求获得支持,LOW
327,(2026)广01民初032701号,买卖合同纠纷,客户启明科技有限公司,深圳市智联信息技术有限公司（示例0327）,2026-06-27,双方达成调解,MEDIUM
327,(2025)广01民初032702号,金融借款合同纠纷,供应商中科科技有限公司,深圳市智联信息技术有限公司（示例0327）,2025-07-12,部分诉讼请求获得支持,LOW
329,(2023)江01民初032901号,买卖合同纠纷,员工嘉禾信息技术有限公司,无锡市博远信息技术有限公司（示例0329）,2023-08-28,被告承担支付责任,HIGH
332,(2026)江01民初033201号,劳动争议,供应商联盛科技有限公司,南京市恒泰科技有限公司（示例0332）,2026-06-19,部分诉讼请求获得支持,LOW
332,(2025)江01民初033202号,服务合同纠纷,供应商联盛供应链有限公司,南京市恒泰科技有限公司（示例0332）,2025-06-07,部分诉讼请求获得支持,LOW
334,(2023)北01民初033401号,劳动争议,员工启明制造有限公司,北京市启明科技有限公司（示例0334）,2023-08-29,被告承担支付责任,LOW
334,(2025)北01民初033402号,买卖合同纠纷,银行嘉禾供应链有限公司,北京市启明科技有限公司（示例0334）,2025-02-11,双方达成调解,LOW
336,(2024)浙01民初033601号,服务合同纠纷,供应商启明科技有限公司,杭州市联盛制造有限公司（示例0336）,2024-09-10,双方达成调解,LOW
338,(2024)江01民初033801号,服务合同纠纷,客户联盛制造有限公司,南京市安信制造有限公司（示例0338）,2024-06-13,被告承担支付责任,MEDIUM
338,(2024)江01民初033802号,劳动争议,客户中科供应链有限公司,南京市安信制造有限公司（示例0338）,2024-04-11,被告承担支付责任,MEDIUM
340,(2024)上01民初034001号,服务合同纠纷,供应商华辰供应链有限公司,上海市智联信息技术有限公司（示例0340）,2024-10-20,被告承担支付责任,HIGH
341,(2024)广01民初034101号,买卖合同纠纷,客户智联信息技术有限公司,佛山市启明信息技术有限公司（示例0341）,2024-12-12,部分诉讼请求获得支持,MEDIUM
342,(2026)四01民初034201号,金融借款合同纠纷,客户智联供应链有限公司,绵阳市华辰供应链有限公司（示例0342）,2026-05-05,双方达成调解,MEDIUM
343,(2026)山01民初034301号,金融借款合同纠纷,银行联盛供应链有限公司,青岛市华辰科技有限公司（示例0343）,2026-01-26,双方达成调解,HIGH
343,(2025)山01民初034302号,买卖合同纠纷,供应商华辰信息技术有限公司,青岛市华辰科技有限公司（示例0343）,2025-07-26,双方达成调解,LOW
344,(2023)四01民初034401号,服务合同纠纷,供应商博远供应链有限公司,绵阳市启明制造有限公司（示例0344）,2023-09-11,被告承担支付责任,MEDIUM
344,(2025)四01民初034402号,金融借款合同纠纷,员工启明科技有限公司,绵阳市启明制造有限公司（示例0344）,2025-03-15,被告承担支付责任,LOW
344,(2025)四01民初034403号,劳动争议,客户中科制造有限公司,绵阳市启明制造有限公司（示例0344）,2025-06-30,案件撤诉,MEDIUM
348,(2025)山01民初034801号,劳动争议,银行启明科技有限公司,济南市嘉禾供应链有限公司（示例0348）,2025-05-17,被告承担支付责任,LOW
348,(2025)山01民初034802号,买卖合同纠纷,客户博远制造有限公司,济南市嘉禾供应链有限公司（示例0348）,2025-07-26,案件撤诉,LOW
349,(2025)广01民初034901号,劳动争议,员工安信科技有限公司,佛山市嘉禾供应链有限公司（示例0349）,2025-06-04,部分诉讼请求获得支持,MEDIUM
350,(2024)湖01民初035001号,服务合同纠纷,银行智联制造有限公司,宜昌市华辰供应链有限公司（示例0350）,2024-01-08,双方达成调解,LOW
352,(2025)广01民初035201号,金融借款合同纠纷,银行远航制造有限公司,深圳市嘉禾科技有限公司（示例0352）,2025-12-21,双方达成调解,HIGH
353,(2025)北01民初035301号,服务合同纠纷,客户嘉禾制造有限公司,北京市联盛信息技术有限公司（示例0353）,2025-08-18,被告承担支付责任,LOW
353,(2025)北01民初035302号,买卖合同纠纷,客户安信供应链有限公司,北京市联盛信息技术有限公司（示例0353）,2025-09-18,案件撤诉,LOW
356,(2023)浙01民初035601号,买卖合同纠纷,银行联盛供应链有限公司,杭州市启明供应链有限公司（示例0356）,2023-12-28,案件撤诉,LOW
357,(2024)北01民初035701号,金融借款合同纠纷,银行安信供应链有限公司,北京市恒泰信息技术有限公司（示例0357）,2024-08-25,案件撤诉,LOW
357,(2023)北01民初035702号,买卖合同纠纷,供应商安信科技有限公司,北京市恒泰信息技术有限公司（示例0357）,2023-11-21,部分诉讼请求获得支持,LOW
358,(2025)广01民初035801号,劳动争议,供应商中科科技有限公司,深圳市恒泰科技有限公司（示例0358）,2025-02-20,案件撤诉,LOW
359,(2025)江01民初035901号,金融借款合同纠纷,供应商安信科技有限公司,南京市安信制造有限公司（示例0359）,2025-02-14,案件撤诉,LOW
361,(2023)浙01民初036101号,劳动争议,客户嘉禾制造有限公司,温州市联盛供应链有限公司（示例0361）,2023-11-15,被告承担支付责任,LOW
365,(2025)江01民初036501号,买卖合同纠纷,供应商华辰信息技术有限公司,无锡市华辰信息技术有限公司（示例0365）,2025-02-18,被告承担支付责任,MEDIUM
368,(2023)北01民初036801号,买卖合同纠纷,员工中科信息技术有限公司,北京市博远制造有限公司（示例0368）,2023-10-18,双方达成调解,MEDIUM
369,(2025)湖01民初036901号,买卖合同纠纷,客户启明制造有限公司,宜昌市博远制造有限公司（示例0369）,2025-02-11,案件撤诉,LOW
370,(2025)上01民初037001号,劳动争议,银行智联制造有限公司,上海市联盛科技有限公司（示例0370）,2025-04-30,案件撤诉,MEDIUM
371,(2023)湖01民初037101号,劳动争议,供应商中科制造有限公司,宜昌市远航信息技术有限公司（示例0371）,2023-10-06,双方达成调解,LOW
371,(2025)湖01民初037102号,服务合同纠纷,客户智联信息技术有限公司,宜昌市远航信息技术有限公司（示例0371）,2025-05-22,部分诉讼请求获得支持,LOW
374,(2025)四01民初037401号,买卖合同纠纷,银行智联信息技术有限公司,绵阳市智联科技有限公司（示例0374）,2025-08-20,双方达成调解,MEDIUM
379,(2024)湖01民初037901号,服务合同纠纷,银行智联制造有限公司,宜昌市华辰信息技术有限公司（示例0379）,2024-01-25,被告承担支付责任,MEDIUM
380,(2024)山01民初038001号,买卖合同纠纷,客户华辰供应链有限公司,青岛市联盛科技有限公司（示例0380）,2024-05-29,双方达成调解,MEDIUM
380,(2026)山01民初038002号,买卖合同纠纷,客户博远科技有限公司,青岛市联盛科技有限公司（示例0380）,2026-05-27,被告承担支付责任,MEDIUM
381,(2023)江01民初038101号,服务合同纠纷,员工中科科技有限公司,苏州市博远信息技术有限公司（示例0381）,2023-11-14,案件撤诉,MEDIUM
381,(2023)江01民初038102号,服务合同纠纷,银行联盛制造有限公司,苏州市博远信息技术有限公司（示例0381）,2023-12-21,案件撤诉,LOW
383,(2024)湖01民初038301号,金融借款合同纠纷,员工启明制造有限公司,武汉市联盛制造有限公司（示例0383）,2024-04-20,双方达成调解,MEDIUM
383,(2023)湖01民初038302号,劳动争议,客户安信供应链有限公司,武汉市联盛制造有限公司（示例0383）,2023-08-18,被告承担支付责任,MEDIUM
384,(2023)广01民初038401号,服务合同纠纷,员工恒泰制造有限公司,东莞市华辰供应链有限公司（示例0384）,2023-08-29,部分诉讼请求获得支持,HIGH
385,(2026)山01民初038501号,劳动争议,客户启明制造有限公司,济南市恒泰供应链有限公司（示例0385）,2026-04-14,双方达成调解,MEDIUM
385,(2026)山01民初038502号,劳动争议,供应商远航制造有限公司,济南市恒泰供应链有限公司（示例0385）,2026-05-02,被告承担支付责任,MEDIUM
385,(2026)山01民初038503号,买卖合同纠纷,银行远航供应链有限公司,济南市恒泰供应链有限公司（示例0385）,2026-01-07,被告承担支付责任,MEDIUM
386,(2024)湖01民初038601号,金融借款合同纠纷,银行恒泰信息技术有限公司,武汉市华辰供应链有限公司（示例0386）,2024-08-30,部分诉讼请求获得支持,LOW
386,(2026)湖01民初038602号,买卖合同纠纷,员工联盛科技有限公司,武汉市华辰供应链有限公司（示例0386）,2026-04-06,案件撤诉,HIGH
387,(2026)湖01民初038701号,买卖合同纠纷,银行安信供应链有限公司,宜昌市联盛科技有限公司（示例0387）,2026-02-18,案件撤诉,LOW
388,(2026)浙01民初038801号,买卖合同纠纷,客户智联制造有限公司,宁波市嘉禾供应链有限公司（示例0388）,2026-06-21,案件撤诉,MEDIUM
390,(2025)广01民初039001号,服务合同纠纷,供应商安信供应链有限公司,深圳市华辰供应链有限公司（示例0390）,2025-06-29,双方达成调解,MEDIUM
392,(2024)江01民初039201号,金融借款合同纠纷,员工联盛供应链有限公司,无锡市嘉禾供应链有限公司（示例0392）,2024-06-12,案件撤诉,HIGH
393,(2026)广01民初039301号,金融借款合同纠纷,银行博远科技有限公司,东莞市中科供应链有限公司（示例0393）,2026-04-05,部分诉讼请求获得支持,LOW
394,(2026)江01民初039401号,金融借款合同纠纷,员工中科制造有限公司,无锡市博远制造有限公司（示例0394）,2026-04-25,案件撤诉,HIGH
396,(2025)山01民初039601号,劳动争议,供应商嘉禾科技有限公司,济南市联盛供应链有限公司（示例0396）,2025-08-25,被告承担支付责任,MEDIUM
396,(2023)山01民初039602号,服务合同纠纷,客户智联科技有限公司,济南市联盛供应链有限公司（示例0396）,2023-09-17,双方达成调解,LOW
396,(2024)山01民初039603号,金融借款合同纠纷,银行中科制造有限公司,济南市联盛供应链有限公司（示例0396）,2024-03-04,部分诉讼请求获得支持,LOW
397,(2024)江01民初039701号,金融借款合同纠纷,银行智联供应链有限公司,苏州市博远供应链有限公司（示例0397）,2024-10-11,案件撤诉,LOW
398,(2024)四01民初039801号,金融借款合同纠纷,员工嘉禾制造有限公司,成都市华辰供应链有限公司（示例0398）,2024-04-24,部分诉讼请求获得支持,MEDIUM
404,(2024)山01民初040401号,买卖合同纠纷,银行华辰科技有限公司,济南市远航信息技术有限公司（示例0404）,2024-10-28,部分诉讼请求获得支持,MEDIUM
404,(2026)山01民初040402号,金融借款合同纠纷,银行华辰科技有限公司,济南市远航信息技术有限公司（示例0404）,2026-04-01,被告承担支付责任,LOW
409,(2024)浙01民初040901号,劳动争议,银行嘉禾供应链有限公司,杭州市嘉禾信息技术有限公司（示例0409）,2024-06-07,被告承担支付责任,MEDIUM
409,(2024)浙01民初040902号,买卖合同纠纷,银行启明科技有限公司,杭州市嘉禾信息技术有限公司（示例0409）,2024-10-02,案件撤诉,MEDIUM
410,(2024)四01民初041001号,金融借款合同纠纷,供应商中科科技有限公司,绵阳市中科供应链有限公司（示例0410）,2024-07-07,部分诉讼请求获得支持,LOW
411,(2024)山01民初041101号,金融借款合同纠纷,供应商远航供应链有限公司,济南市智联制造有限公司（示例0411）,2024-03-27,双方达成调解,MEDIUM
411,(2024)山01民初041102号,劳动争议,银行启明信息技术有限公司,济南市智联制造有限公司（示例0411）,2024-08-07,双方达成调解,HIGH
413,(2025)上01民初041301号,金融借款合同纠纷,供应商博远科技有限公司,上海市博远供应链有限公司（示例0413）,2025-10-09,案件撤诉,MEDIUM
414,(2025)四01民初041401号,金融借款合同纠纷,员工恒泰制造有限公司,成都市中科信息技术有限公司（示例0414）,2025-07-08,被告承担支付责任,LOW
415,(2023)江01民初041501号,劳动争议,员工智联信息技术有限公司,无锡市华辰信息技术有限公司（示例0415）,2023-11-10,被告承担支付责任,MEDIUM
417,(2026)湖01民初041701号,金融借款合同纠纷,员工远航供应链有限公司,宜昌市华辰科技有限公司（示例0417）,2026-07-24,双方达成调解,MEDIUM
417,(2025)湖01民初041702号,服务合同纠纷,客户启明制造有限公司,宜昌市华辰科技有限公司（示例0417）,2025-11-21,部分诉讼请求获得支持,MEDIUM
420,(2025)广01民初042001号,买卖合同纠纷,员工联盛供应链有限公司,东莞市联盛信息技术有限公司（示例0420）,2025-01-29,被告承担支付责任,MEDIUM
420,(2025)广01民初042002号,金融借款合同纠纷,供应商嘉禾供应链有限公司,东莞市联盛信息技术有限公司（示例0420）,2025-01-06,被告承担支付责任,HIGH
421,(2024)江01民初042101号,金融借款合同纠纷,供应商嘉禾制造有限公司,苏州市安信制造有限公司（示例0421）,2024-12-03,被告承担支付责任,MEDIUM
423,(2024)江01民初042301号,金融借款合同纠纷,员工嘉禾信息技术有限公司,苏州市恒泰信息技术有限公司（示例0423）,2024-09-01,被告承担支付责任,MEDIUM
423,(2025)江01民初042302号,劳动争议,银行嘉禾科技有限公司,苏州市恒泰信息技术有限公司（示例0423）,2025-03-30,案件撤诉,LOW
423,(2023)江01民初042303号,劳动争议,客户华辰供应链有限公司,苏州市恒泰信息技术有限公司（示例0423）,2023-09-11,双方达成调解,LOW
424,(2026)浙01民初042401号,服务合同纠纷,员工启明科技有限公司,杭州市博远制造有限公司（示例0424）,2026-08-03,双方达成调解,LOW
424,(2024)浙01民初042402号,买卖合同纠纷,银行恒泰制造有限公司,杭州市博远制造有限公司（示例0424）,2024-06-21,案件撤诉,LOW
427,(2023)北01民初042701号,服务合同纠纷,员工启明供应链有限公司,北京市远航信息技术有限公司（示例0427）,2023-10-09,案件撤诉,MEDIUM
427,(2024)北01民初042702号,买卖合同纠纷,供应商中科供应链有限公司,北京市远航信息技术有限公司（示例0427）,2024-11-16,案件撤诉,LOW
428,(2026)四01民初042801号,买卖合同纠纷,银行远航科技有限公司,绵阳市恒泰供应链有限公司（示例0428）,2026-04-23,双方达成调解,LOW
429,(2023)山01民初042901号,买卖合同纠纷,供应商启明科技有限公司,青岛市启明供应链有限公司（示例0429）,2023-08-15,案件撤诉,LOW
430,(2025)浙01民初043001号,买卖合同纠纷,员工联盛信息技术有限公司,宁波市恒泰信息技术有限公司（示例0430）,2025-07-17,部分诉讼请求获得支持,LOW
430,(2024)浙01民初043002号,买卖合同纠纷,供应商华辰信息技术有限公司,宁波市恒泰信息技术有限公司（示例0430）,2024-12-22,案件撤诉,MEDIUM
431,(2025)四01民初043101号,买卖合同纠纷,客户恒泰信息技术有限公司,成都市启明制造有限公司（示例0431）,2025-01-25,案件撤诉,LOW
432,(2023)上01民初043201号,服务合同纠纷,银行中科制造有限公司,上海市启明科技有限公司（示例0432）,2023-12-13,案件撤诉,LOW
433,(2024)浙01民初043301号,服务合同纠纷,供应商华辰科技有限公司,杭州市中科科技有限公司（示例0433）,2024-06-17,被告承担支付责任,LOW
434,(2024)湖01民初043401号,劳动争议,银行联盛科技有限公司,武汉市华辰信息技术有限公司（示例0434）,2024-05-23,被告承担支付责任,MEDIUM
435,(2024)四01民初043501号,金融借款合同纠纷,客户博远科技有限公司,成都市恒泰供应链有限公司（示例0435）,2024-12-01,案件撤诉,MEDIUM
435,(2026)四01民初043502号,服务合同纠纷,客户博远科技有限公司,成都市恒泰供应链有限公司（示例0435）,2026-06-08,案件撤诉,LOW
437,(2023)山01民初043701号,金融借款合同纠纷,员工恒泰信息技术有限公司,济南市远航制造有限公司（示例0437）,2023-12-25,双方达成调解,LOW
441,(2024)山01民初044101号,服务合同纠纷,供应商中科信息技术有限公司,青岛市安信信息技术有限公司（示例0441）,2024-08-05,部分诉讼请求获得支持,HIGH
445,(2025)山01民初044501号,服务合同纠纷,客户安信信息技术有限公司,济南市博远供应链有限公司（示例0445）,2025-04-19,双方达成调解,HIGH
445,(2025)山01民初044502号,买卖合同纠纷,供应商智联信息技术有限公司,济南市博远供应链有限公司（示例0445）,2025-05-26,案件撤诉,LOW
447,(2024)广01民初044701号,金融借款合同纠纷,员工启明供应链有限公司,深圳市联盛科技有限公司（示例0447）,2024-01-09,部分诉讼请求获得支持,LOW
450,(2024)广01民初045001号,买卖合同纠纷,员工智联供应链有限公司,广州市智联信息技术有限公司（示例0450）,2024-03-25,部分诉讼请求获得支持,LOW
454,(2026)上01民初045401号,金融借款合同纠纷,银行中科供应链有限公司,上海市恒泰信息技术有限公司（示例0454）,2026-03-02,部分诉讼请求获得支持,MEDIUM
456,(2026)山01民初045601号,服务合同纠纷,银行远航供应链有限公司,青岛市远航科技有限公司（示例0456）,2026-07-30,案件撤诉,MEDIUM
456,(2024)山01民初045602号,服务合同纠纷,供应商安信科技有限公司,青岛市远航科技有限公司（示例0456）,2024-06-01,案件撤诉,MEDIUM
458,(2026)上01民初045801号,服务合同纠纷,供应商智联科技有限公司,上海市远航制造有限公司（示例0458）,2026-03-03,双方达成调解,HIGH
458,(2024)上01民初045802号,金融借款合同纠纷,银行恒泰信息技术有限公司,上海市远航制造有限公司（示例0458）,2024-04-19,双方达成调解,LOW
458,(2026)上01民初045803号,劳动争议,银行华辰信息技术有限公司,上海市远航制造有限公司（示例0458）,2026-01-03,部分诉讼请求获得支持,LOW
459,(2024)四01民初045901号,服务合同纠纷,银行华辰制造有限公司,绵阳市启明供应链有限公司（示例0459）,2024-09-28,双方达成调解,MEDIUM
462,(2025)北01民初046201号,劳动争议,供应商远航科技有限公司,北京市远航供应链有限公司（示例0462）,2025-12-15,双方达成调解,MEDIUM
463,(2025)湖01民初046301号,服务合同纠纷,银行智联信息技术有限公司,宜昌市中科制造有限公司（示例0463）,2025-01-25,被告承担支付责任,MEDIUM
463,(2025)湖01民初046302号,服务合同纠纷,客户远航供应链有限公司,宜昌市中科制造有限公司（示例0463）,2025-08-04,案件撤诉,MEDIUM
463,(2024)湖01民初046303号,劳动争议,供应商华辰供应链有限公司,宜昌市中科制造有限公司（示例0463）,2024-03-17,部分诉讼请求获得支持,MEDIUM
464,(2024)山01民初046401号,劳动争议,银行智联制造有限公司,济南市恒泰科技有限公司（示例0464）,2024-06-16,双方达成调解,HIGH
464,(2025)山01民初046402号,金融借款合同纠纷,银行中科科技有限公司,济南市恒泰科技有限公司（示例0464）,2025-07-15,案件撤诉,MEDIUM
464,(2026)山01民初046403号,服务合同纠纷,供应商安信信息技术有限公司,济南市恒泰科技有限公司（示例0464）,2026-07-12,双方达成调解,MEDIUM
466,(2025)四01民初046601号,劳动争议,员工恒泰供应链有限公司,成都市联盛科技有限公司（示例0466）,2025-04-27,双方达成调解,LOW
467,(2024)浙01民初046701号,服务合同纠纷,员工联盛供应链有限公司,杭州市恒泰科技有限公司（示例0467）,2024-09-22,案件撤诉,LOW
468,(2026)湖01民初046801号,金融借款合同纠纷,员工联盛信息技术有限公司,宜昌市中科制造有限公司（示例0468）,2026-06-22,部分诉讼请求获得支持,HIGH
469,(2026)上01民初046901号,金融借款合同纠纷,银行华辰信息技术有限公司,上海市安信供应链有限公司（示例0469）,2026-07-13,被告承担支付责任,LOW
469,(2023)上01民初046902号,劳动争议,银行恒泰信息技术有限公司,上海市安信供应链有限公司（示例0469）,2023-09-03,双方达成调解,LOW
473,(2024)四01民初047301号,金融借款合同纠纷,供应商博远信息技术有限公司,绵阳市安信供应链有限公司（示例0473）,2024-08-01,案件撤诉,LOW
473,(2026)四01民初047302号,服务合同纠纷,客户智联科技有限公司,绵阳市安信供应链有限公司（示例0473）,2026-05-27,被告承担支付责任,LOW
476,(2024)广01民初047601号,服务合同纠纷,客户远航制造有限公司,深圳市博远信息技术有限公司（示例0476）,2024-03-19,部分诉讼请求获得支持,HIGH
477,(2023)山01民初047701号,服务合同纠纷,客户启明供应链有限公司,济南市远航供应链有限公司（示例0477）,2023-10-29,案件撤诉,LOW
477,(2023)山01民初047702号,买卖合同纠纷,银行远航制造有限公司,济南市远航供应链有限公司（示例0477）,2023-08-30,案件撤诉,MEDIUM
477,(2025)山01民初047703号,劳动争议,员工华辰制造有限公司,济南市远航供应链有限公司（示例0477）,2025-07-12,双方达成调解,MEDIUM
478,(2024)湖01民初047801号,金融借款合同纠纷,银行华辰供应链有限公司,宜昌市联盛制造有限公司（示例0478）,2024-07-01,案件撤诉,MEDIUM
480,(2025)广01民初048001号,买卖合同纠纷,员工联盛信息技术有限公司,东莞市联盛科技有限公司（示例0480）,2025-12-23,案件撤诉,LOW
480,(2023)广01民初048002号,劳动争议,员工华辰制造有限公司,东莞市联盛科技有限公司（示例0480）,2023-08-14,被告承担支付责任,MEDIUM
484,(2025)江01民初048401号,劳动争议,银行远航信息技术有限公司,苏州市嘉禾信息技术有限公司（示例0484）,2025-09-02,案件撤诉,HIGH
484,(2024)江01民初048402号,买卖合同纠纷,供应商智联科技有限公司,苏州市嘉禾信息技术有限公司（示例0484）,2024-09-11,双方达成调解,MEDIUM
484,(2024)江01民初048403号,服务合同纠纷,员工联盛制造有限公司,苏州市嘉禾信息技术有限公司（示例0484）,2024-01-06,部分诉讼请求获得支持,MEDIUM
485,(2025)湖01民初048501号,金融借款合同纠纷,员工博远制造有限公司,武汉市华辰信息技术有限公司（示例0485）,2025-02-28,被告承担支付责任,LOW
488,(2025)四01民初048801号,买卖合同纠纷,客户嘉禾供应链有限公司,成都市智联制造有限公司（示例0488）,2025-12-27,案件撤诉,MEDIUM
490,(2025)四01民初049001号,劳动争议,供应商远航信息技术有限公司,绵阳市博远制造有限公司（示例0490）,2025-03-03,被告承担支付责任,MEDIUM
490,(2025)四01民初049002号,买卖合同纠纷,银行嘉禾科技有限公司,绵阳市博远制造有限公司（示例0490）,2025-08-07,案件撤诉,LOW
494,(2023)湖01民初049401号,劳动争议,银行启明信息技术有限公司,武汉市智联信息技术有限公司（示例0494）,2023-11-10,部分诉讼请求获得支持,MEDIUM
